id,recorder,date,tree,time,darter,reed_corm,wb_corm,openbill,yb_stork,great_egret,yb_egret,s_ibis,grey_heron,african_spoonbill,other,obs,timestamp,total_nests_tree
1,SN,2026-04-07T00:00:00Z,1,1899-12-31T07:52:00Z,0,0,0,4,0,0,0,0,0,0,NA,NA,2026-04-07T07:52:00Z,4
2,SN,2026-04-07T00:00:00Z,2,1899-12-31T07:53:00Z,0,0,0,7,8,0,0,0,0,0,NA,NA,2026-04-07T07:53:00Z,15
3,SN,2026-04-07T00:00:00Z,3,1899-12-31T07:54:00Z,0,0,0,5,0,0,0,0,0,0,NA,NA,2026-04-07T07:54:00Z,5
4,SN,2026-04-07T00:00:00Z,4,1899-12-31T07:58:00Z,0,0,0,3,0,0,0,0,0,0,NA,NA,2026-04-07T07:58:00Z,3
5,SN,2026-04-07T00:00:00Z,5,1899-12-31T07:58:00Z,0,0,0,6,0,0,0,0,0,0,NA,NA,2026-04-07T07:58:00Z,6
6,SN,2026-04-07T00:00:00Z,6,1899-12-31T08:03:00Z,0,0,0,4,0,0,0,0,0,0,NA,NA,2026-04-07T08:03:00Z,4
7,SN,2026-04-07T00:00:00Z,7,1899-12-31T08:04:00Z,0,0,0,4,0,0,0,0,0,0,NA,NA,2026-04-07T08:04:00Z,4
8,SN,2026-04-07T00:00:00Z,8,1899-12-31T08:06:00Z,0,0,0,3,3,2,2,0,0,0,NA,NA,2026-04-07T08:06:00Z,10
9,SN,2026-04-07T00:00:00Z,9,1899-12-31T08:07:00Z,0,0,0,0,3,0,0,0,0,0,NA,NA,2026-04-07T08:07:00Z,3
10,SN,2026-04-07T00:00:00Z,10,1899-12-31T08:07:00Z,0,0,0,2,4,0,0,0,0,0,NA,NA,2026-04-07T08:07:00Z,6
11,SN,2026-04-07T00:00:00Z,11,1899-12-31T08:10:00Z,0,0,0,6,1,0,0,0,0,0,NA,NA,2026-04-07T08:10:00Z,7
12,SN,2026-04-07T00:00:00Z,12,1899-12-31T08:14:00Z,0,0,0,6,2,4,0,0,0,0,NA,1 dead great egret,2026-04-07T08:14:00Z,12
13,SN,2026-04-07T00:00:00Z,13,1899-12-31T08:17:00Z,0,0,0,7,2,0,0,0,0,0,NA,NA,2026-04-07T08:17:00Z,9
14,SN,2026-04-07T00:00:00Z,14,1899-12-31T08:20:00Z,0,0,0,0,1,0,0,0,0,0,NA,NA,2026-04-07T08:20:00Z,1
15,SN,2026-04-07T00:00:00Z,15,1899-12-31T08:22:00Z,0,0,0,0,1,3,0,0,2,0,NA,NA,2026-04-07T08:22:00Z,6
16,SN,2026-04-07T00:00:00Z,16,1899-12-31T08:22:00Z,0,0,0,0,5,0,0,0,1,0,NA,NA,2026-04-07T08:22:00Z,6
17,SN,2026-04-07T00:00:00Z,17,1899-12-31T08:23:00Z,0,0,0,0,2,0,0,0,3,0,NA,NA,2026-04-07T08:23:00Z,5
18,SN,2026-04-07T00:00:00Z,18,1899-12-31T08:29:00Z,0,0,0,0,0,3,0,0,0,0,NA,NA,2026-04-07T08:29:00Z,3
19,SN,2026-04-07T00:00:00Z,19,1899-12-31T08:30:00Z,0,0,0,0,0,0,4,0,1,0,NA,NA,2026-04-07T08:30:00Z,5
20,SN,2026-04-07T00:00:00Z,20,1899-12-31T08:32:00Z,0,0,0,0,0,0,1,1,0,0,NA,NA,2026-04-07T08:32:00Z,2
21,SN,2026-04-07T00:00:00Z,21,1899-12-31T08:35:00Z,0,0,0,5,3,0,0,0,0,0,NA,NA,2026-04-07T08:35:00Z,8
22,SN,2026-04-07T00:00:00Z,22,1899-12-31T08:37:00Z,0,0,0,4,2,0,0,0,0,0,NA,1 dead great egret,2026-04-07T08:37:00Z,6
23,SN,2026-04-07T00:00:00Z,23,1899-12-31T08:42:00Z,0,0,0,0,5,0,0,0,0,0,NA,NA,2026-04-07T08:42:00Z,5
24,SN,2026-04-07T00:00:00Z,24,1899-12-31T08:42:00Z,0,0,0,0,3,0,1,0,0,0,NA,NA,2026-04-07T08:42:00Z,4
25,SN,2026-04-07T00:00:00Z,25,1899-12-31T08:46:00Z,0,0,0,3,0,0,0,0,0,0,NA,NA,2026-04-07T08:46:00Z,3
26,SN,2026-04-07T00:00:00Z,26,1899-12-31T08:47:00Z,0,0,0,2,4,0,0,0,0,0,NA,NA,2026-04-07T08:47:00Z,6
27,SN,2026-04-07T00:00:00Z,27,1899-12-31T08:50:00Z,0,0,1,1,3,0,1,0,0,0,NA,NA,2026-04-07T08:50:00Z,6
28,SN,2026-04-07T00:00:00Z,28,1899-12-31T08:53:00Z,0,0,0,0,6,0,0,0,0,0,NA,NA,2026-04-07T08:53:00Z,6
29,SN,2026-04-07T00:00:00Z,29,1899-12-31T08:54:00Z,0,0,0,0,8,0,0,0,0,0,NA,NA,2026-04-07T08:54:00Z,8
30,SN,2026-04-07T00:00:00Z,30,1899-12-31T08:56:00Z,0,0,0,0,3,0,0,0,0,0,NA,NA,2026-04-07T08:56:00Z,3
31,SN,2026-04-07T00:00:00Z,31,1899-12-31T08:56:00Z,0,0,0,0,4,0,0,0,0,0,NA,NA,2026-04-07T08:56:00Z,4
32,SN,2026-04-07T00:00:00Z,32,1899-12-31T08:57:00Z,0,0,0,5,4,0,0,0,0,0,NA,NA,2026-04-07T08:57:00Z,9
33,SN,2026-04-07T00:00:00Z,33,1899-12-31T08:59:00Z,0,0,0,4,0,0,0,0,0,0,NA,NA,2026-04-07T08:59:00Z,4
34,SN,2026-04-07T00:00:00Z,34,1899-12-31T08:59:00Z,0,0,0,4,0,0,0,0,0,0,NA,NA,2026-04-07T08:59:00Z,4
35,SN,2026-04-07T00:00:00Z,35,1899-12-31T09:00:00Z,0,0,8,0,4,0,0,0,0,0,NA,NA,2026-04-07T09:00:00Z,12
36,SN,2026-04-07T00:00:00Z,36,1899-12-31T09:01:00Z,0,0,5,0,5,0,0,0,0,0,NA,NA,2026-04-07T09:01:00Z,10
37,SN,2026-04-07T00:00:00Z,37,1899-12-31T09:01:00Z,0,0,0,0,3,0,0,0,0,0,NA,NA,2026-04-07T09:01:00Z,3
38,SN,2026-04-07T00:00:00Z,38,1899-12-31T09:02:00Z,0,0,0,0,4,5,0,0,0,0,NA,NA,2026-04-07T09:02:00Z,9
39,SN,2026-04-07T00:00:00Z,39,1899-12-31T09:03:00Z,0,0,0,3,6,0,0,0,0,0,NA,NA,2026-04-07T09:03:00Z,9
40,SN,2026-04-07T00:00:00Z,40,1899-12-31T09:06:00Z,0,0,0,3,0,0,2,0,1,0,NA,NA,2026-04-07T09:06:00Z,6
41,SN,2026-04-07T00:00:00Z,41,1899-12-31T09:08:00Z,0,0,0,3,5,0,0,0,0,0,NA,NA,2026-04-07T09:08:00Z,8
42,SN,2026-04-07T00:00:00Z,42,1899-12-31T09:08:00Z,0,0,3,0,4,0,0,0,0,0,NA,NA,2026-04-07T09:08:00Z,7
43,SN,2026-04-07T00:00:00Z,43,1899-12-31T09:16:00Z,0,0,0,3,3,0,0,0,0,0,NA,NA,2026-04-07T09:16:00Z,6
44,SN,2026-04-07T00:00:00Z,44,1899-12-31T09:16:00Z,0,0,0,5,3,0,0,0,0,0,NA,NA,2026-04-07T09:16:00Z,8
45,SN,2026-04-07T00:00:00Z,45,1899-12-31T09:16:00Z,0,0,0,4,0,0,0,0,0,0,NA,NA,2026-04-07T09:16:00Z,4
46,SN,2026-04-07T00:00:00Z,46,1899-12-31T09:16:00Z,0,0,0,2,0,0,0,0,0,0,NA,NA,2026-04-07T09:16:00Z,2
47,SN,2026-04-07T00:00:00Z,47,1899-12-31T09:19:00Z,0,0,0,5,0,0,0,0,0,0,NA,NA,2026-04-07T09:19:00Z,5
48,SN,2026-04-07T00:00:00Z,48,1899-12-31T09:20:00Z,0,0,0,3,0,0,0,0,0,0,NA,NA,2026-04-07T09:20:00Z,3
49,SN,2026-04-07T00:00:00Z,49,1899-12-31T09:21:00Z,0,0,0,13,0,0,0,0,0,0,NA,NA,2026-04-07T09:21:00Z,13
50,SN,2026-04-07T00:00:00Z,50,1899-12-31T09:21:00Z,0,0,0,0,2,0,0,0,0,0,NA,NA,2026-04-07T09:21:00Z,2
51,SN,2026-04-07T00:00:00Z,51,1899-12-31T09:21:00Z,0,0,0,3,0,0,0,0,0,0,NA,NA,2026-04-07T09:21:00Z,3
52,SN,2026-04-07T00:00:00Z,52,1899-12-31T09:24:00Z,0,0,0,2,12,0,0,0,0,0,NA,NA,2026-04-07T09:24:00Z,14
53,SN,2026-04-07T00:00:00Z,53,1899-12-31T09:24:00Z,0,0,0,0,1,0,0,0,0,0,NA,NA,2026-04-07T09:24:00Z,1
54,SN,2026-04-07T00:00:00Z,54,1899-12-31T09:24:00Z,0,0,0,4,0,0,0,0,0,0,NA,NA,2026-04-07T09:24:00Z,4
55,SN,2026-04-07T00:00:00Z,55,1899-12-31T09:25:00Z,0,0,0,0,3,0,1,0,0,0,NA,NA,2026-04-07T09:25:00Z,4
56,SN,2026-04-07T00:00:00Z,56,1899-12-31T09:26:00Z,0,0,0,4,6,0,0,0,0,0,NA,NA,2026-04-07T09:26:00Z,10
57,SN,2026-04-07T00:00:00Z,57,1899-12-31T09:28:00Z,0,0,0,7,0,0,0,0,0,0,NA,NA,2026-04-07T09:28:00Z,7
58,SN,2026-04-07T00:00:00Z,58,1899-12-31T09:30:00Z,0,0,0,9,0,0,3,0,0,0,NA,NA,2026-04-07T09:30:00Z,12
59,SN,2026-04-07T00:00:00Z,59,1899-12-31T09:32:00Z,0,0,0,8,0,0,0,0,0,0,NA,NA,2026-04-07T09:32:00Z,8
60,SN,2026-04-07T00:00:00Z,60,1899-12-31T09:32:00Z,0,0,0,4,10,0,0,0,0,0,NA,NA,2026-04-07T09:32:00Z,14
61,SN,2026-04-07T00:00:00Z,61,1899-12-31T09:34:00Z,0,0,0,0,5,0,0,0,0,0,NA,NA,2026-04-07T09:34:00Z,5
62,SN,2026-04-07T00:00:00Z,62,1899-12-31T09:34:00Z,0,0,0,0,2,0,0,0,0,0,NA,NA,2026-04-07T09:34:00Z,2
63,SN,2026-04-07T00:00:00Z,63,1899-12-31T09:34:00Z,0,0,0,0,2,0,0,0,0,0,NA,NA,2026-04-07T09:34:00Z,2
64,SN,2026-04-07T00:00:00Z,64,1899-12-31T09:35:00Z,0,0,0,5,4,0,2,0,0,0,NA,NA,2026-04-07T09:35:00Z,11
65,SN,2026-04-07T00:00:00Z,65,1899-12-31T09:36:00Z,0,0,0,0,7,0,0,0,0,0,NA,NA,2026-04-07T09:36:00Z,7
66,SN,2026-04-07T00:00:00Z,66,1899-12-31T09:37:00Z,0,0,0,0,1,0,0,0,0,0,NA,NA,2026-04-07T09:37:00Z,1
67,SN,2026-04-07T00:00:00Z,67,1899-12-31T09:37:00Z,0,0,0,0,2,0,0,0,0,0,NA,NA,2026-04-07T09:37:00Z,2
68,SN,2026-04-07T00:00:00Z,68,1899-12-31T09:41:00Z,0,0,0,8,4,0,0,0,0,0,NA,NA,2026-04-07T09:41:00Z,12
69,SN,2026-04-07T00:00:00Z,69,1899-12-31T09:42:00Z,0,0,0,4,3,0,0,0,1,0,NA,NA,2026-04-07T09:42:00Z,8
70,SN,2026-04-07T00:00:00Z,70,1899-12-31T09:43:00Z,0,0,0,4,2,0,0,0,1,0,NA,1 dead grey heron,2026-04-07T09:43:00Z,7
71,SN,2026-04-07T00:00:00Z,71,1899-12-31T09:44:00Z,0,0,0,3,0,0,0,0,0,0,NA,NA,2026-04-07T09:44:00Z,3
72,SN,2026-04-07T00:00:00Z,72,1899-12-31T09:44:00Z,0,0,0,3,0,0,0,0,0,0,NA,NA,2026-04-07T09:44:00Z,3
73,SN,2026-04-07T00:00:00Z,73,1899-12-31T09:46:00Z,0,0,0,5,0,0,5,0,0,0,NA,NA,2026-04-07T09:46:00Z,10
74,SN,2026-04-07T00:00:00Z,74,1899-12-31T09:49:00Z,0,0,0,0,4,0,0,0,0,0,NA,NA,2026-04-07T09:49:00Z,4
75,SN,2026-04-07T00:00:00Z,75,1899-12-31T09:52:00Z,0,0,0,3,0,0,0,0,0,0,NA,NA,2026-04-07T09:52:00Z,3
76,SN,2026-04-07T00:00:00Z,76,1899-12-31T09:53:00Z,0,0,0,2,0,0,0,0,0,0,NA,NA,2026-04-07T09:53:00Z,2
77,SN,2026-04-07T00:00:00Z,77,1899-12-31T09:53:00Z,0,0,0,3,0,0,0,0,0,0,NA,NA,2026-04-07T09:53:00Z,3
78,SN,2026-04-07T00:00:00Z,78,1899-12-31T09:54:00Z,0,0,0,7,0,0,0,0,0,0,NA,NA,2026-04-07T09:54:00Z,7
79,SN,2026-04-07T00:00:00Z,79,1899-12-31T09:54:00Z,0,0,0,3,0,0,0,0,0,0,NA,NA,2026-04-07T09:54:00Z,3
80,SN,2026-04-07T00:00:00Z,80,1899-12-31T09:56:00Z,0,0,0,3,0,0,0,0,0,0,NA,NA,2026-04-07T09:56:00Z,3
81,SN,2026-04-07T00:00:00Z,81,1899-12-31T09:56:00Z,0,0,0,3,0,0,0,0,0,0,NA,NA,2026-04-07T09:56:00Z,3
82,SN,2026-04-07T00:00:00Z,82,1899-12-31T10:04:00Z,0,0,0,3,0,0,0,0,0,0,NA,NA,2026-04-07T10:04:00Z,3
83,SN,2026-04-07T00:00:00Z,83,1899-12-31T10:05:00Z,0,0,0,3,0,0,0,0,0,0,NA,NA,2026-04-07T10:05:00Z,3
84,SN,2026-04-07T00:00:00Z,84,1899-12-31T10:05:00Z,0,0,0,3,0,0,0,0,0,0,NA,NA,2026-04-07T10:05:00Z,3
85,SN,2026-04-07T00:00:00Z,85,1899-12-31T10:05:00Z,0,0,0,1,0,0,0,0,0,0,NA,NA,2026-04-07T10:05:00Z,1
86,SN,2026-04-07T00:00:00Z,86,1899-12-31T10:07:00Z,0,0,0,2,0,0,0,0,0,0,NA,NA,2026-04-07T10:07:00Z,2
87,SN,2026-04-07T00:00:00Z,87,1899-12-31T10:07:00Z,0,0,0,2,0,0,0,0,0,0,NA,NA,2026-04-07T10:07:00Z,2
88,SN,2026-04-07T00:00:00Z,88,1899-12-31T10:07:00Z,0,0,0,6,0,0,0,0,0,0,NA,NA,2026-04-07T10:07:00Z,6
89,SN,2026-04-07T00:00:00Z,89,1899-12-31T10:07:00Z,0,0,0,2,0,0,0,0,0,0,NA,NA,2026-04-07T10:07:00Z,2
90,SN,2026-04-07T00:00:00Z,90,1899-12-31T10:07:00Z,0,0,0,4,0,0,0,0,0,0,NA,NA,2026-04-07T10:07:00Z,4
91,SN,2026-04-07T00:00:00Z,91,1899-12-31T10:07:00Z,0,0,0,3,0,0,0,0,0,0,NA,NA,2026-04-07T10:07:00Z,3
92,SN,2026-04-07T00:00:00Z,92,1899-12-31T10:07:00Z,0,0,0,3,1,0,0,0,0,0,NA,NA,2026-04-07T10:07:00Z,4
93,SN,2026-04-07T00:00:00Z,93,1899-12-31T10:07:00Z,0,1,0,2,0,0,0,0,0,0,NA,NA,2026-04-07T10:07:00Z,3
94,SN,2026-04-07T00:00:00Z,94,1899-12-31T10:08:00Z,0,0,0,3,0,0,0,0,1,0,NA,NA,2026-04-07T10:08:00Z,4
95,SN,2026-04-07T00:00:00Z,95,1899-12-31T10:09:00Z,0,1,4,0,0,0,0,0,0,0,NA,NA,2026-04-07T10:09:00Z,5
96,SN,2026-04-07T00:00:00Z,96,1899-12-31T10:11:00Z,0,0,4,0,0,0,0,0,0,0,NA,NA,2026-04-07T10:11:00Z,4
97,SN,2026-04-07T00:00:00Z,97,1899-12-31T10:13:00Z,0,4,0,5,7,0,0,0,0,0,NA,NA,2026-04-07T10:13:00Z,16
98,SN,2026-04-07T00:00:00Z,98,1899-12-31T10:17:00Z,0,0,0,6,0,0,0,0,0,0,NA,NA,2026-04-07T10:17:00Z,6
99,SN,2026-04-07T00:00:00Z,99,1899-12-31T10:20:00Z,0,0,0,5,0,0,0,0,0,0,NA,NA,2026-04-07T10:20:00Z,5
100,SN,2026-04-07T00:00:00Z,100,1899-12-31T10:22:00Z,0,0,3,4,0,0,0,0,0,0,NA,NA,2026-04-07T10:22:00Z,7
101,SN,2026-04-07T00:00:00Z,101,1899-12-31T10:28:00Z,0,0,0,0,5,0,0,0,0,0,NA,NA,2026-04-07T10:28:00Z,5
102,SN,2026-04-07T00:00:00Z,102,1899-12-31T10:31:00Z,0,0,0,0,6,0,0,0,0,0,NA,NA,2026-04-07T10:31:00Z,6
103,SN,2026-04-07T00:00:00Z,103,1899-12-31T10:31:00Z,0,0,0,0,5,0,0,0,0,0,NA,NA,2026-04-07T10:31:00Z,5
104,SN,2026-04-07T00:00:00Z,104,1899-12-31T10:31:00Z,0,0,0,0,7,0,0,0,0,0,NA,NA,2026-04-07T10:31:00Z,7
105,SN,2026-04-07T00:00:00Z,105,1899-12-31T10:31:00Z,0,0,0,5,0,0,0,0,0,0,NA,NA,2026-04-07T10:31:00Z,5
106,SN,2026-04-07T00:00:00Z,106,1899-12-31T10:31:00Z,0,0,0,6,0,0,0,0,0,0,NA,NA,2026-04-07T10:31:00Z,6
107,SN,2026-04-07T00:00:00Z,107,1899-12-31T10:31:00Z,0,0,0,0,11,0,0,0,0,0,NA,NA,2026-04-07T10:31:00Z,11
108,SN,2026-04-07T00:00:00Z,108,1899-12-31T10:32:00Z,0,0,0,3,0,0,0,0,0,0,NA,NA,2026-04-07T10:32:00Z,3
109,SN,2026-04-07T00:00:00Z,109,1899-12-31T10:32:00Z,0,0,0,0,5,0,0,0,0,0,NA,NA,2026-04-07T10:32:00Z,5
110,SN,2026-04-07T00:00:00Z,110,1899-12-31T10:34:00Z,0,0,0,3,8,0,1,0,0,0,NA,NA,2026-04-07T10:34:00Z,12
111,SN,2026-04-07T00:00:00Z,111,1899-12-31T10:35:00Z,0,0,0,1,0,0,0,0,0,0,NA,NA,2026-04-07T10:35:00Z,1
112,SN,2026-04-07T00:00:00Z,112,1899-12-31T10:35:00Z,0,0,0,6,0,0,0,0,0,0,NA,NA,2026-04-07T10:35:00Z,6
113,SN,2026-04-07T00:00:00Z,113,1899-12-31T10:36:00Z,0,0,0,4,0,0,0,0,0,0,NA,NA,2026-04-07T10:36:00Z,4
114,SN,2026-04-07T00:00:00Z,114,1899-12-31T10:36:00Z,0,0,0,4,1,0,0,0,0,0,NA,NA,2026-04-07T10:36:00Z,5
115,SN,2026-04-07T00:00:00Z,115,1899-12-31T10:39:00Z,0,0,0,5,0,0,0,0,0,0,NA,NA,2026-04-07T10:39:00Z,5
116,SN,2026-04-07T00:00:00Z,116,1899-12-31T10:39:00Z,0,0,0,3,0,0,0,0,0,0,NA,NA,2026-04-07T10:39:00Z,3
117,SN,2026-04-07T00:00:00Z,117,1899-12-31T10:40:00Z,0,0,0,5,0,0,0,0,0,0,NA,NA,2026-04-07T10:40:00Z,5
118,SN,2026-04-07T00:00:00Z,118,1899-12-31T10:40:00Z,0,0,0,10,0,0,0,0,0,0,NA,NA,2026-04-07T10:40:00Z,10
119,SN,2026-04-07T00:00:00Z,119,1899-12-31T10:40:00Z,0,0,0,7,3,2,0,0,0,0,NA,NA,2026-04-07T10:40:00Z,12
120,SN,2026-04-07T00:00:00Z,120,1899-12-31T10:40:00Z,0,0,0,4,0,0,0,0,0,0,NA,NA,2026-04-07T10:40:00Z,4
121,SN,2026-04-07T00:00:00Z,121,1899-12-31T10:45:00Z,0,0,0,6,0,0,0,0,0,0,NA,NA,2026-04-07T10:45:00Z,6
122,SN,2026-04-07T00:00:00Z,122,1899-12-31T10:48:00Z,4,0,0,0,0,0,0,0,0,0,NA,NA,2026-04-07T10:48:00Z,4
123,SN,2026-04-07T00:00:00Z,123,1899-12-31T10:48:00Z,0,0,0,6,0,0,0,0,0,0,NA,NA,2026-04-07T10:48:00Z,6
124,SN,2026-04-07T00:00:00Z,124,1899-12-31T10:49:00Z,0,0,0,3,0,0,1,0,0,0,NA,NA,2026-04-07T10:49:00Z,4
125,SN,2026-04-07T00:00:00Z,125,1899-12-31T10:52:00Z,0,0,0,12,0,0,2,0,0,0,NA,1 dead great egret,2026-04-07T10:52:00Z,14
126,SN,2026-04-07T00:00:00Z,126,1899-12-31T10:52:00Z,0,0,0,6,0,0,0,0,0,0,NA,NA,2026-04-07T10:52:00Z,6
127,SN,2026-04-07T00:00:00Z,127,1899-12-31T10:53:00Z,0,0,0,3,0,0,0,0,0,0,NA,1 dead openbill,2026-04-07T10:53:00Z,3
128,SN,2026-04-07T00:00:00Z,128,1899-12-31T10:54:00Z,1,0,0,0,0,10,0,0,0,0,NA,NA,2026-04-07T10:54:00Z,11
129,SN,2026-04-07T00:00:00Z,129,1899-12-31T10:55:00Z,0,0,0,4,0,0,1,0,0,0,NA,NA,2026-04-07T10:55:00Z,5
130,SN,2026-04-07T00:00:00Z,130,1899-12-31T10:56:00Z,2,4,0,0,0,0,0,0,0,0,NA,NA,2026-04-07T10:56:00Z,6
131,SN,2026-04-07T00:00:00Z,131,1899-12-31T10:56:00Z,0,6,0,3,0,0,0,0,0,0,NA,NA,2026-04-07T10:56:00Z,9
132,SN,2026-04-07T00:00:00Z,132,1899-12-31T10:57:00Z,0,0,0,3,0,0,0,2,0,0,NA,NA,2026-04-07T10:57:00Z,5
133,SN,2026-04-07T00:00:00Z,133,1899-12-31T10:59:00Z,0,0,0,4,0,0,0,0,0,0,NA,NA,2026-04-07T10:59:00Z,4
134,SN,2026-04-07T00:00:00Z,134,1899-12-31T11:00:00Z,0,0,0,6,0,0,0,0,0,0,NA,NA,2026-04-07T11:00:00Z,6
135,SN,2026-04-07T00:00:00Z,135,1899-12-31T11:02:00Z,0,0,0,17,0,0,0,0,0,0,NA,NA,2026-04-07T11:02:00Z,17
136,SN,2026-04-07T00:00:00Z,136,1899-12-31T11:03:00Z,0,0,0,7,0,0,0,2,0,0,NA,NA,2026-04-07T11:03:00Z,9
137,SN,2026-04-07T00:00:00Z,137,1899-12-31T11:03:00Z,0,0,0,12,0,0,0,0,0,0,NA,NA,2026-04-07T11:03:00Z,12
138,SN,2026-04-07T00:00:00Z,138,1899-12-31T11:03:00Z,0,0,0,7,0,0,0,1,0,0,NA,NA,2026-04-07T11:03:00Z,8
139,SN,2026-04-07T00:00:00Z,139,1899-12-31T11:03:00Z,0,0,0,4,0,0,0,0,0,0,NA,NA,2026-04-07T11:03:00Z,4
140,SN,2026-04-07T00:00:00Z,140,1899-12-31T11:04:00Z,0,0,0,3,0,1,0,0,0,0,NA,NA,2026-04-07T11:04:00Z,4
141,SN,2026-04-07T00:00:00Z,141,1899-12-31T11:06:00Z,3,0,0,0,1,1,0,0,0,0,NA,NA,2026-04-07T11:06:00Z,5
142,SN,2026-04-07T00:00:00Z,142,1899-12-31T11:06:00Z,0,0,3,0,1,0,0,0,0,0,NA,NA,2026-04-07T11:06:00Z,4
143,SN,2026-04-07T00:00:00Z,143,1899-12-31T11:06:00Z,0,0,0,0,2,0,0,0,0,0,NA,NA,2026-04-07T11:06:00Z,2
144,SN,2026-04-07T00:00:00Z,144,1899-12-31T11:06:00Z,0,0,0,4,0,0,2,0,0,0,NA,NA,2026-04-07T11:06:00Z,6
145,SN,2026-04-07T00:00:00Z,145,1899-12-31T11:07:00Z,0,0,0,3,0,0,0,0,0,0,NA,NA,2026-04-07T11:07:00Z,3
146,SN,2026-04-07T00:00:00Z,146,1899-12-31T11:07:00Z,0,0,0,8,0,0,0,0,0,0,NA,NA,2026-04-07T11:07:00Z,8
147,SN,2026-04-07T00:00:00Z,147,1899-12-31T11:07:00Z,0,0,0,3,0,0,1,0,0,0,NA,NA,2026-04-07T11:07:00Z,4
148,SN,2026-04-07T00:00:00Z,148,1899-12-31T11:10:00Z,2,0,0,0,0,0,0,0,0,2,NA,NA,2026-04-07T11:10:00Z,4
149,SN,2026-04-07T00:00:00Z,149,1899-12-31T11:12:00Z,0,0,0,3,0,0,0,0,0,0,NA,NA,2026-04-07T11:12:00Z,3
150,SN,2026-04-07T00:00:00Z,150,1899-12-31T11:13:00Z,0,0,0,3,5,0,0,4,0,1,NA,NA,2026-04-07T11:13:00Z,13
151,SN,2026-04-07T00:00:00Z,151,1899-12-31T11:14:00Z,0,0,0,5,0,0,0,0,0,0,NA,NA,2026-04-07T11:14:00Z,5
152,SN,2026-04-07T00:00:00Z,152,1899-12-31T11:14:00Z,0,0,0,4,3,0,0,2,0,0,NA,NA,2026-04-07T11:14:00Z,9
153,SN,2026-04-07T00:00:00Z,153,1899-12-31T11:14:00Z,0,0,0,5,0,0,0,0,1,0,NA,NA,2026-04-07T11:14:00Z,6
154,SN,2026-04-07T00:00:00Z,154,1899-12-31T12:18:00Z,0,0,0,2,0,3,0,0,0,0,NA,NA,2026-04-07T12:18:00Z,5
155,SN,2026-04-07T00:00:00Z,155,1899-12-31T12:18:00Z,0,0,0,3,0,2,0,0,0,0,NA,NA,2026-04-07T12:18:00Z,5
156,SN,2026-04-07T00:00:00Z,156,1899-12-31T12:19:00Z,0,0,0,7,0,1,0,0,0,0,NA,NA,2026-04-07T12:19:00Z,8
157,SN,2026-04-07T00:00:00Z,157,1899-12-31T12:19:00Z,0,0,0,4,0,1,0,0,0,0,NA,NA,2026-04-07T12:19:00Z,5
158,SN,2026-04-07T00:00:00Z,158,1899-12-31T12:19:00Z,0,0,0,2,0,1,0,0,0,0,NA,NA,2026-04-07T12:19:00Z,3
159,SN,2026-04-07T00:00:00Z,159,1899-12-31T12:20:00Z,0,0,0,3,0,1,0,0,2,0,NA,NA,2026-04-07T12:20:00Z,6
160,SN,2026-04-07T00:00:00Z,160,1899-12-31T12:20:00Z,0,0,0,9,0,1,0,0,0,0,NA,NA,2026-04-07T12:20:00Z,10
161,SN,2026-04-07T00:00:00Z,161,1899-12-31T12:21:00Z,0,0,0,2,0,0,0,0,0,0,NA,NA,2026-04-07T12:21:00Z,2
162,SN,2026-04-07T00:00:00Z,162,1899-12-31T12:22:00Z,0,0,0,8,0,3,0,0,0,0,NA,NA,2026-04-07T12:22:00Z,11
163,SN,2026-04-07T00:00:00Z,163,1899-12-31T12:23:00Z,0,0,0,2,1,0,1,0,0,0,NA,NA,2026-04-07T12:23:00Z,4
164,SN,2026-04-07T00:00:00Z,164,1899-12-31T12:24:00Z,3,0,3,0,11,0,0,0,0,0,NA,NA,2026-04-07T12:24:00Z,17
165,SN,2026-04-07T00:00:00Z,165,1899-12-31T12:26:00Z,5,0,0,2,2,0,0,0,0,0,NA,NA,2026-04-07T12:26:00Z,9
166,SN,2026-04-07T00:00:00Z,166,1899-12-31T12:32:00Z,2,0,0,12,0,0,0,0,0,0,NA,NA,2026-04-07T12:32:00Z,14
167,SN,2026-04-07T00:00:00Z,167,1899-12-31T12:34:00Z,6,0,0,7,0,0,0,0,0,0,NA,NA,2026-04-07T12:34:00Z,13
168,SN,2026-04-07T00:00:00Z,168,1899-12-31T12:34:00Z,1,0,0,3,0,0,0,0,0,0,NA,NA,2026-04-07T12:34:00Z,4
169,SN,2026-04-07T00:00:00Z,169,1899-12-31T12:35:00Z,2,0,0,6,0,0,0,0,0,0,NA,NA,2026-04-07T12:35:00Z,8
170,SN,2026-04-07T00:00:00Z,170,1899-12-31T12:36:00Z,0,0,0,3,0,1,0,0,0,0,NA,NA,2026-04-07T12:36:00Z,4
171,SN,2026-04-07T00:00:00Z,171,1899-12-31T12:36:00Z,0,0,0,2,0,1,0,0,0,0,NA,NA,2026-04-07T12:36:00Z,3
172,SN,2026-04-07T00:00:00Z,172,1899-12-31T12:37:00Z,3,0,0,0,0,0,2,0,0,0,NA,NA,2026-04-07T12:37:00Z,5
173,SN,2026-04-07T00:00:00Z,173,1899-12-31T12:38:00Z,0,3,0,0,0,0,0,0,0,0,NA,NA,2026-04-07T12:38:00Z,3
174,SN,2026-04-07T00:00:00Z,174,1899-12-31T12:38:00Z,2,1,0,0,0,0,1,0,0,0,NA,NA,2026-04-07T12:38:00Z,4
175,SN,2026-04-07T00:00:00Z,175,1899-12-31T12:38:00Z,0,0,0,6,0,0,0,1,0,0,NA,NA,2026-04-07T12:38:00Z,7
176,SN,2026-04-07T00:00:00Z,176,1899-12-31T12:39:00Z,0,0,0,6,0,0,0,0,0,0,NA,NA,2026-04-07T12:39:00Z,6
177,SN,2026-04-07T00:00:00Z,177,1899-12-31T12:40:00Z,0,0,0,4,0,0,0,0,0,0,NA,NA,2026-04-07T12:40:00Z,4
178,SN,2026-04-07T00:00:00Z,178,1899-12-31T12:40:00Z,0,0,0,10,0,0,0,0,0,0,NA,NA,2026-04-07T12:40:00Z,10
179,SN,2026-04-07T00:00:00Z,179,1899-12-31T12:40:00Z,0,0,0,3,0,0,0,0,0,0,NA,NA,2026-04-07T12:40:00Z,3
180,SN,2026-04-07T00:00:00Z,180,1899-12-31T12:40:00Z,0,0,0,3,3,0,0,0,0,0,NA,NA,2026-04-07T12:40:00Z,6
181,SN,2026-04-07T00:00:00Z,181,1899-12-31T12:43:00Z,0,0,0,2,2,0,0,0,0,0,NA,NA,2026-04-07T12:43:00Z,4
182,SN,2026-04-07T00:00:00Z,182,1899-12-31T12:43:00Z,0,0,0,1,2,0,0,0,0,0,NA,NA,2026-04-07T12:43:00Z,3
183,SN,2026-04-07T00:00:00Z,183,1899-12-31T12:45:00Z,3,0,0,0,2,0,0,0,0,0,NA,NA,2026-04-07T12:45:00Z,5
184,SN,2026-04-07T00:00:00Z,184,1899-12-31T12:45:00Z,0,0,0,0,0,0,1,0,0,0,NA,NA,2026-04-07T12:45:00Z,1
185,SN,2026-04-07T00:00:00Z,185,1899-12-31T12:46:00Z,6,0,0,0,3,0,0,0,0,0,NA,NA,2026-04-07T12:46:00Z,9
186,SN,2026-04-07T00:00:00Z,186,1899-12-31T12:47:00Z,0,0,0,4,0,0,0,0,0,0,NA,NA,2026-04-07T12:47:00Z,4
187,SN,2026-04-07T00:00:00Z,187,1899-12-31T12:47:00Z,5,0,0,0,4,0,0,0,0,0,NA,NA,2026-04-07T12:47:00Z,9
188,SN,2026-04-07T00:00:00Z,188,1899-12-31T12:47:00Z,5,0,0,0,5,0,0,0,0,0,NA,NA,2026-04-07T12:47:00Z,10
189,SN,2026-04-07T00:00:00Z,189,1899-12-31T12:48:00Z,0,0,0,0,4,0,0,0,0,0,NA,NA,2026-04-07T12:48:00Z,4
190,SN,2026-04-07T00:00:00Z,190,1899-12-31T12:48:00Z,0,0,0,2,0,1,0,0,0,0,NA,NA,2026-04-07T12:48:00Z,3
191,SN,2026-04-07T00:00:00Z,191,1899-12-31T12:48:00Z,0,0,0,4,0,2,0,0,0,0,NA,NA,2026-04-07T12:48:00Z,6
192,SN,2026-04-07T00:00:00Z,192,1899-12-31T12:48:00Z,0,0,0,6,0,1,0,0,0,0,NA,NA,2026-04-07T12:48:00Z,7
193,SN,2026-04-07T00:00:00Z,193,1899-12-31T12:50:00Z,0,0,0,0,0,3,0,0,0,0,NA,NA,2026-04-07T12:50:00Z,3
194,JC,2026-04-07T00:00:00Z,1,1899-12-31T07:51:00Z,0,0,0,2,0,0,0,0,0,0,NA,NA,2026-04-07T07:51:00Z,2
195,JC,2026-04-07T00:00:00Z,2,1899-12-31T07:52:00Z,0,0,0,2,0,0,0,0,0,0,NA,NA,2026-04-07T07:52:00Z,2
196,JC,2026-04-07T00:00:00Z,3,1899-12-31T07:52:00Z,0,0,0,5,0,0,0,0,0,0,NA,NA,2026-04-07T07:52:00Z,5
197,JC,2026-04-07T00:00:00Z,4,1899-12-31T07:53:00Z,0,0,0,13,0,0,0,0,0,0,NA,NA,2026-04-07T07:53:00Z,13
198,JC,2026-04-07T00:00:00Z,5,1899-12-31T07:54:00Z,0,0,0,2,0,2,0,0,0,0,NA,1 dead egret on the nest,2026-04-07T07:54:00Z,4
199,JC,2026-04-07T00:00:00Z,6,1899-12-31T07:58:00Z,0,0,0,3,0,1,0,0,0,0,NA,NA,2026-04-07T07:58:00Z,4
200,JC,2026-04-07T00:00:00Z,7,1899-12-31T08:00:00Z,0,0,0,8,0,1,0,0,0,0,NA,"1 grey heron, but not on nest",2026-04-07T08:00:00Z,9
201,JC,2026-04-07T00:00:00Z,8,1899-12-31T08:01:00Z,0,0,0,7,0,0,0,0,0,0,NA,NA,2026-04-07T08:01:00Z,7
202,JC,2026-04-07T00:00:00Z,9,1899-12-31T08:03:00Z,0,0,0,2,0,0,0,0,0,0,NA,NA,2026-04-07T08:03:00Z,2
203,JC,2026-04-07T00:00:00Z,10,1899-12-31T08:05:00Z,0,0,0,0,3,0,0,0,0,0,NA,NA,2026-04-07T08:05:00Z,3
204,JC,2026-04-07T00:00:00Z,11,1899-12-31T08:06:00Z,0,0,0,7,0,2,0,0,0,0,NA,NA,2026-04-07T08:06:00Z,9
205,JC,2026-04-07T00:00:00Z,12,1899-12-31T08:07:00Z,0,0,0,0,3,0,0,0,0,0,NA,NA,2026-04-07T08:07:00Z,3
206,JC,2026-04-07T00:00:00Z,13,1899-12-31T08:08:00Z,0,0,0,0,0,0,6,0,0,0,NA,NA,2026-04-07T08:08:00Z,6
207,JC,2026-04-07T00:00:00Z,14,1899-12-31T08:09:00Z,0,0,0,3,13,0,0,0,0,0,NA,NA,2026-04-07T08:09:00Z,16
208,JC,2026-04-07T00:00:00Z,15,1899-12-31T08:10:00Z,0,0,0,3,10,0,0,0,0,0,NA,NA,2026-04-07T08:10:00Z,13
209,JC,2026-04-07T00:00:00Z,16,1899-12-31T08:11:00Z,0,0,0,0,0,2,0,0,0,0,NA,NA,2026-04-07T08:11:00Z,2
210,JC,2026-04-07T00:00:00Z,17,1899-12-31T08:13:00Z,0,0,0,0,0,4,0,0,3,0,NA,2 dead great egret,2026-04-07T08:13:00Z,7
211,JC,2026-04-07T00:00:00Z,18,1899-12-31T08:14:00Z,0,0,0,7,0,7,0,0,0,0,NA,NA,2026-04-07T08:14:00Z,14
212,JC,2026-04-07T00:00:00Z,19,1899-12-31T08:15:00Z,0,0,0,5,0,5,0,0,0,0,NA,NA,2026-04-07T08:15:00Z,10
213,JC,2026-04-07T00:00:00Z,20,1899-12-31T08:17:00Z,0,0,0,2,0,1,0,0,0,0,NA,NA,2026-04-07T08:17:00Z,3
214,JC,2026-04-07T00:00:00Z,21,1899-12-31T08:17:00Z,0,0,0,0,0,3,0,0,0,0,NA,NA,2026-04-07T08:17:00Z,3
215,JC,2026-04-07T00:00:00Z,22,1899-12-31T08:22:00Z,0,0,0,0,9,5,0,0,7,0,NA,central gap; crocodile eating an egret,2026-04-07T08:22:00Z,21
216,JC,2026-04-07T00:00:00Z,23,1899-12-31T08:25:00Z,0,0,0,0,0,9,0,0,0,0,NA,NA,2026-04-07T08:25:00Z,9
217,JC,2026-04-07T00:00:00Z,24,1899-12-31T08:26:00Z,0,0,0,0,0,9,0,0,0,0,NA,NA,2026-04-07T08:26:00Z,9
218,JC,2026-04-07T00:00:00Z,25,1899-12-31T08:29:00Z,0,0,0,0,12,7,0,0,0,0,NA,NA,2026-04-07T08:29:00Z,19
219,JC,2026-04-07T00:00:00Z,26,1899-12-31T08:30:00Z,0,0,0,9,0,1,0,0,0,0,NA,NA,2026-04-07T08:30:00Z,10
220,JC,2026-04-07T00:00:00Z,27,1899-12-31T08:31:00Z,0,0,0,0,1,5,0,0,1,0,NA,NA,2026-04-07T08:31:00Z,7
221,JC,2026-04-07T00:00:00Z,28,1899-12-31T08:37:00Z,0,0,0,9,6,9,0,0,0,0,NA,NA,2026-04-07T08:37:00Z,24
222,JC,2026-04-07T00:00:00Z,29,1899-12-31T08:39:00Z,0,0,0,2,5,4,0,0,2,0,NA,NA,2026-04-07T08:39:00Z,13
223,JC,2026-04-07T00:00:00Z,30,1899-12-31T08:41:00Z,0,0,0,0,3,4,0,0,1,0,NA,NA,2026-04-07T08:41:00Z,8
224,JC,2026-04-07T00:00:00Z,31,1899-12-31T08:42:00Z,0,0,0,0,4,3,0,0,1,0,NA,in the gap,2026-04-07T08:42:00Z,8
225,JC,2026-04-07T00:00:00Z,32,1899-12-31T08:42:00Z,0,0,0,6,3,0,0,0,1,0,NA,in the gap,2026-04-07T08:42:00Z,10
226,JC,2026-04-07T00:00:00Z,33,1899-12-31T08:43:00Z,0,0,0,6,6,0,0,0,0,0,NA,in the gap,2026-04-07T08:43:00Z,12
227,JC,2026-04-07T00:00:00Z,34,1899-12-31T08:46:00Z,0,0,0,0,19,0,0,0,0,0,NA,NA,2026-04-07T08:46:00Z,19
228,JC,2026-04-07T00:00:00Z,35,1899-12-31T08:47:00Z,0,0,0,0,8,0,0,0,0,0,NA,NA,2026-04-07T08:47:00Z,8
229,JC,2026-04-07T00:00:00Z,36,1899-12-31T08:50:00Z,0,0,0,8,4,7,0,0,0,0,NA,NA,2026-04-07T08:50:00Z,19
230,JC,2026-04-07T00:00:00Z,37,1899-12-31T08:54:00Z,0,0,0,6,2,0,0,0,0,0,NA,NA,2026-04-07T08:54:00Z,8
231,JC,2026-04-07T00:00:00Z,38,1899-12-31T08:55:00Z,0,0,0,0,20,0,0,0,0,0,NA,NA,2026-04-07T08:55:00Z,20
232,JC,2026-04-07T00:00:00Z,39,1899-12-31T08:56:00Z,0,0,8,0,12,0,0,0,0,0,NA,NA,2026-04-07T08:56:00Z,20
233,JC,2026-04-07T00:00:00Z,40,1899-12-31T08:57:00Z,0,0,1,0,11,0,0,0,0,0,NA,NA,2026-04-07T08:57:00Z,12
234,JC,2026-04-07T00:00:00Z,41,1899-12-31T08:58:00Z,0,0,2,0,4,0,0,0,0,0,NA,NA,2026-04-07T08:58:00Z,6
235,JC,2026-04-07T00:00:00Z,42,1899-12-31T09:07:00Z,0,0,15,7,5,0,0,0,0,0,NA,NA,2026-04-07T09:07:00Z,27
236,JC,2026-04-07T00:00:00Z,43,1899-12-31T09:07:00Z,0,0,0,2,0,0,0,0,0,0,NA,NA,2026-04-07T09:07:00Z,2
237,JC,2026-04-07T00:00:00Z,44,1899-12-31T09:08:00Z,0,0,0,0,3,0,0,0,0,0,NA,NA,2026-04-07T09:08:00Z,3
238,JC,2026-04-07T00:00:00Z,45,1899-12-31T09:11:00Z,0,0,0,1,1,1,0,0,0,0,NA,NA,2026-04-07T09:11:00Z,3
239,JC,2026-04-07T00:00:00Z,46,1899-12-31T09:12:00Z,0,0,0,1,0,0,0,0,0,0,NA,Dadzie photograpted croc eating a bird,2026-04-07T09:12:00Z,1
240,JC,2026-04-07T00:00:00Z,47,1899-12-31T09:16:00Z,0,0,0,2,0,0,0,0,0,0,NA,small buch area,2026-04-07T09:16:00Z,2
241,JC,2026-04-07T00:00:00Z,48,1899-12-31T09:16:00Z,0,0,0,3,0,0,0,0,0,0,NA,small buch area,2026-04-07T09:16:00Z,3
242,JC,2026-04-07T00:00:00Z,49,1899-12-31T09:16:00Z,0,0,0,3,0,0,0,0,0,0,NA,small buch area,2026-04-07T09:16:00Z,3
243,JC,2026-04-07T00:00:00Z,50,1899-12-31T09:16:00Z,0,0,0,5,0,0,0,0,0,0,NA,small buch area,2026-04-07T09:16:00Z,5
244,JC,2026-04-07T00:00:00Z,51,1899-12-31T09:16:00Z,0,0,0,8,1,0,0,0,0,0,NA,small buch area,2026-04-07T09:16:00Z,9
245,JC,2026-04-07T00:00:00Z,52,1899-12-31T09:16:00Z,0,0,0,0,0,1,0,0,0,0,NA,small buch area,2026-04-07T09:16:00Z,1
246,JC,2026-04-07T00:00:00Z,53,1899-12-31T09:17:00Z,0,0,0,1,0,1,0,0,0,0,NA,NA,2026-04-07T09:17:00Z,2
247,JC,2026-04-07T00:00:00Z,54,1899-12-31T09:18:00Z,0,0,0,2,0,0,0,0,0,0,NA,NA,2026-04-07T09:18:00Z,2
248,JC,2026-04-07T00:00:00Z,55,1899-12-31T09:19:00Z,0,0,0,3,0,0,0,0,0,0,NA,NA,2026-04-07T09:19:00Z,3
249,JC,2026-04-07T00:00:00Z,56,1899-12-31T09:19:00Z,0,0,0,2,0,1,0,0,0,0,NA,NA,2026-04-07T09:19:00Z,3
250,JC,2026-04-07T00:00:00Z,57,1899-12-31T09:21:00Z,0,0,0,0,2,0,0,0,0,0,NA,NA,2026-04-07T09:21:00Z,2
251,JC,2026-04-07T00:00:00Z,58,1899-12-31T09:21:00Z,0,0,0,0,5,0,0,0,0,0,NA,NA,2026-04-07T09:21:00Z,5
252,JC,2026-04-07T00:00:00Z,59,1899-12-31T09:21:00Z,0,0,0,0,14,0,0,0,0,0,NA,on the back,2026-04-07T09:21:00Z,14
253,JC,2026-04-07T00:00:00Z,60,1899-12-31T09:24:00Z,0,0,0,4,13,4,0,0,0,0,NA,NA,2026-04-07T09:24:00Z,21
254,JC,2026-04-07T00:00:00Z,61,1899-12-31T09:26:00Z,0,0,0,0,4,7,0,0,5,0,NA,NA,2026-04-07T09:26:00Z,16
255,JC,2026-04-07T00:00:00Z,62,1899-12-31T09:27:00Z,0,0,0,0,0,6,0,0,3,0,NA,NA,2026-04-07T09:27:00Z,9
256,JC,2026-04-07T00:00:00Z,63,1899-12-31T09:28:00Z,0,0,0,0,7,0,0,0,0,0,NA,NA,2026-04-07T09:28:00Z,7
257,JC,2026-04-07T00:00:00Z,64,1899-12-31T09:42:00Z,0,0,0,2,2,3,0,0,4,0,NA,NA,2026-04-07T09:42:00Z,11
258,JC,2026-04-07T00:00:00Z,65,1899-12-31T09:47:00Z,0,0,0,8,0,0,0,0,0,0,NA,NA,2026-04-07T09:47:00Z,8
259,JC,2026-04-07T00:00:00Z,66,1899-12-31T10:04:00Z,0,0,0,2,0,0,0,0,0,0,NA,NA,2026-04-07T10:04:00Z,2
260,JC,2026-04-07T00:00:00Z,67,1899-12-31T10:05:00Z,0,0,0,2,0,0,0,0,0,0,NA,reed Corm area,2026-04-07T10:05:00Z,2
261,JC,2026-04-07T00:00:00Z,68,1899-12-31T10:05:00Z,0,0,0,4,0,0,0,0,0,0,NA,they like smaller shrubs,2026-04-07T10:05:00Z,4
262,JC,2026-04-07T00:00:00Z,69,1899-12-31T10:05:00Z,0,0,0,2,0,0,0,0,0,0,NA,NA,2026-04-07T10:05:00Z,2
263,JC,2026-04-07T00:00:00Z,70,1899-12-31T10:07:00Z,0,0,0,3,0,0,0,0,0,0,NA,NA,2026-04-07T10:07:00Z,3
264,JC,2026-04-07T00:00:00Z,71,1899-12-31T10:13:00Z,0,0,0,0,14,0,0,0,1,0,NA,NA,2026-04-07T10:13:00Z,15
265,JC,2026-04-07T00:00:00Z,72,1899-12-31T10:14:00Z,0,0,0,0,5,0,0,0,0,0,NA,NA,2026-04-07T10:14:00Z,5
266,JC,2026-04-07T00:00:00Z,73,1899-12-31T10:15:00Z,0,0,0,4,8,1,0,0,0,0,NA,pause to rescue egret,2026-04-07T10:15:00Z,13
267,JC,2026-04-07T00:00:00Z,74,1899-12-31T10:28:00Z,0,0,0,0,4,0,0,0,0,0,NA,NA,2026-04-07T10:28:00Z,4
268,JC,2026-04-07T00:00:00Z,75,1899-12-31T10:28:00Z,0,0,0,0,11,0,0,0,0,0,NA,NA,2026-04-07T10:28:00Z,11
269,JC,2026-04-07T00:00:00Z,76,1899-12-31T10:42:00Z,0,0,0,0,0,0,0,0,1,0,NA,NA,2026-04-07T10:42:00Z,1
270,JC,2026-04-07T00:00:00Z,77,1899-12-31T10:47:00Z,0,0,0,0,10,0,0,0,0,0,NA,NA,2026-04-07T10:47:00Z,10
271,JC,2026-04-07T00:00:00Z,78,1899-12-31T10:56:00Z,9,0,0,3,7,0,0,0,0,0,NA,NA,2026-04-07T10:56:00Z,19
272,JC,2026-04-07T00:00:00Z,79,1899-12-31T11:10:00Z,11,0,5,7,4,0,0,0,0,2,NA,NA,2026-04-07T11:10:00Z,29
273,JC,2026-04-07T00:00:00Z,80,1899-12-31T11:14:00Z,0,0,5,0,4,0,0,0,0,1,NA,"break for hippo house, lunch",2026-04-07T11:14:00Z,10
274,JC,2026-04-07T00:00:00Z,81,1899-12-31T12:19:00Z,0,0,0,13,0,1,0,0,0,0,NA,NA,2026-04-07T12:19:00Z,14
275,JC,2026-04-07T00:00:00Z,82,1899-12-31T12:19:00Z,0,0,0,1,0,1,0,0,0,0,NA,NA,2026-04-07T12:19:00Z,2
276,JC,2026-04-07T00:00:00Z,83,1899-12-31T12:19:00Z,0,0,0,3,0,1,0,0,0,0,NA,NA,2026-04-07T12:19:00Z,4
277,JC,2026-04-07T00:00:00Z,84,1899-12-31T12:20:00Z,0,0,0,5,0,3,0,0,0,0,NA,NA,2026-04-07T12:20:00Z,8
278,JC,2026-04-07T00:00:00Z,85,1899-12-31T12:20:00Z,0,0,0,13,0,0,0,0,0,0,NA,NA,2026-04-07T12:20:00Z,13
279,JC,2026-04-07T00:00:00Z,86,1899-12-31T12:20:00Z,0,0,0,12,0,5,0,0,0,0,NA,NA,2026-04-07T12:20:00Z,17
280,JC,2026-04-07T00:00:00Z,87,1899-12-31T12:21:00Z,0,0,0,9,0,2,0,0,0,0,NA,bushes of peninsula,2026-04-07T12:21:00Z,11
281,JC,2026-04-07T00:00:00Z,88,1899-12-31T12:22:00Z,0,0,0,4,0,3,0,0,0,0,NA,NA,2026-04-07T12:22:00Z,7
282,JC,2026-04-07T00:00:00Z,89,1899-12-31T12:22:00Z,0,0,0,7,0,3,0,0,0,0,NA,NA,2026-04-07T12:22:00Z,10
283,JC,2026-04-07T00:00:00Z,90,1899-12-31T12:22:00Z,0,0,0,1,0,1,0,0,0,0,NA,NA,2026-04-07T12:22:00Z,2
284,JC,2026-04-07T00:00:00Z,91,1899-12-31T12:22:00Z,0,0,0,5,0,5,0,0,0,0,NA,NA,2026-04-07T12:22:00Z,10
285,JC,2026-04-07T00:00:00Z,92,1899-12-31T12:22:00Z,0,0,0,0,0,1,0,0,0,0,NA,NA,2026-04-07T12:22:00Z,1
286,JC,2026-04-07T00:00:00Z,93,1899-12-31T12:23:00Z,0,0,0,9,0,2,0,0,0,0,NA,NA,2026-04-07T12:23:00Z,11
287,JC,2026-04-07T00:00:00Z,94,1899-12-31T12:24:00Z,0,0,0,3,0,1,0,0,0,0,NA,NA,2026-04-07T12:24:00Z,4
288,JC,2026-04-07T00:00:00Z,95,1899-12-31T12:25:00Z,2,0,5,0,17,0,0,0,0,0,NA,trees of bushline above,2026-04-07T12:25:00Z,24
289,JC,2026-04-07T00:00:00Z,96,1899-12-31T12:33:00Z,0,0,0,5,0,1,0,0,1,0,NA,NA,2026-04-07T12:33:00Z,7
290,JC,2026-04-07T00:00:00Z,97,1899-12-31T12:36:00Z,0,0,0,4,0,0,0,0,0,0,NA,NA,2026-04-07T12:36:00Z,4
291,JC,2026-04-07T00:00:00Z,98,1899-12-31T12:38:00Z,0,0,0,0,0,0,0,0,1,0,NA,farthest away,2026-04-07T12:38:00Z,1
292,JC,2026-04-07T00:00:00Z,99,1899-12-31T12:38:00Z,0,0,0,3,0,0,0,0,0,0,NA,new trees,2026-04-07T12:38:00Z,3
293,LM,2026-04-07T00:00:00Z,1,1899-12-31T08:28:00Z,0,0,0,1,0,0,0,0,0,0,NA,NA,2026-04-07T08:28:00Z,1
294,LM,2026-04-07T00:00:00Z,2,1899-12-31T08:28:00Z,0,0,0,7,4,4,0,0,0,0,NA,NA,2026-04-07T08:28:00Z,15
295,LM,2026-04-07T00:00:00Z,3,1899-12-31T08:29:00Z,0,0,0,0,6,2,0,0,0,0,NA,NA,2026-04-07T08:29:00Z,8
296,LM,2026-04-07T00:00:00Z,4,1899-12-31T08:31:00Z,0,0,0,0,0,3,0,0,0,0,NA,NA,2026-04-07T08:31:00Z,3
297,LM,2026-04-07T00:00:00Z,5,1899-12-31T08:31:00Z,0,0,0,0,1,3,0,0,0,0,NA,NA,2026-04-07T08:31:00Z,4
298,LM,2026-04-07T00:00:00Z,6,1899-12-31T08:36:00Z,0,0,0,3,12,2,0,0,0,0,NA,NA,2026-04-07T08:36:00Z,17
299,LM,2026-04-07T00:00:00Z,7,1899-12-31T08:37:00Z,0,0,0,3,13,3,0,0,0,0,NA,NA,2026-04-07T08:37:00Z,19
300,LM,2026-04-07T00:00:00Z,8,1899-12-31T08:39:00Z,0,0,0,2,7,0,0,0,0,0,NA,NA,2026-04-07T08:39:00Z,9
301,LM,2026-04-07T00:00:00Z,9,1899-12-31T08:40:00Z,0,0,0,3,11,3,0,0,0,0,NA,NA,2026-04-07T08:40:00Z,17
302,LM,2026-04-07T00:00:00Z,10,1899-12-31T08:41:00Z,0,0,0,3,0,3,0,0,0,0,NA,NA,2026-04-07T08:41:00Z,6
303,LM,2026-04-07T00:00:00Z,11,1899-12-31T08:42:00Z,0,0,0,0,5,3,0,0,0,0,NA,NA,2026-04-07T08:42:00Z,8
304,LM,2026-04-07T00:00:00Z,12,1899-12-31T08:43:00Z,0,0,0,3,8,2,0,0,0,0,NA,NA,2026-04-07T08:43:00Z,13
305,LM,2026-04-07T00:00:00Z,13,1899-12-31T08:45:00Z,0,0,0,6,1,2,0,0,0,0,NA,NA,2026-04-07T08:45:00Z,9
306,LM,2026-04-07T00:00:00Z,14,1899-12-31T08:46:00Z,0,0,0,0,15,0,0,0,0,0,NA,NA,2026-04-07T08:46:00Z,15
307,LM,2026-04-07T00:00:00Z,15,1899-12-31T08:50:00Z,0,0,0,0,3,0,0,0,0,0,NA,NA,2026-04-07T08:50:00Z,3
308,LM,2026-04-07T00:00:00Z,16,1899-12-31T08:55:00Z,0,0,0,3,5,0,0,0,0,0,NA,NA,2026-04-07T08:55:00Z,8
309,LM,2026-04-07T00:00:00Z,17,1899-12-31T08:59:00Z,0,0,0,0,0,3,0,0,0,0,NA,NA,2026-04-07T08:59:00Z,3
310,LM,2026-04-07T00:00:00Z,18,1899-12-31T09:00:00Z,0,0,0,2,0,0,0,0,0,0,NA,NA,2026-04-07T09:00:00Z,2
311,LM,2026-04-07T00:00:00Z,19,1899-12-31T09:01:00Z,0,0,0,2,0,3,0,0,0,0,NA,NA,2026-04-07T09:01:00Z,5
312,LM,2026-04-07T00:00:00Z,20,1899-12-31T09:01:00Z,0,0,0,4,0,4,0,0,0,0,NA,NA,2026-04-07T09:01:00Z,8
313,LM,2026-04-07T00:00:00Z,21,1899-12-31T09:02:00Z,0,0,0,3,11,8,0,0,0,0,NA,NA,2026-04-07T09:02:00Z,22
314,LM,2026-04-07T00:00:00Z,22,1899-12-31T09:04:00Z,0,0,0,5,0,10,0,0,0,0,NA,NA,2026-04-07T09:04:00Z,15
315,LM,2026-04-07T00:00:00Z,23,1899-12-31T09:07:00Z,0,0,0,5,0,3,0,0,0,0,NA,NA,2026-04-07T09:07:00Z,8
316,LM,2026-04-07T00:00:00Z,24,1899-12-31T09:08:00Z,0,0,5,0,14,8,0,0,0,0,NA,NA,2026-04-07T09:08:00Z,27
317,LM,2026-04-07T00:00:00Z,25,1899-12-31T09:15:00Z,0,0,0,3,0,0,0,0,0,0,NA,NA,2026-04-07T09:15:00Z,3
318,LM,2026-04-07T00:00:00Z,26,1899-12-31T09:15:00Z,0,0,0,3,0,0,0,0,0,0,NA,NA,2026-04-07T09:15:00Z,3
319,LM,2026-04-07T00:00:00Z,27,1899-12-31T09:17:00Z,0,0,0,5,0,0,0,0,0,0,NA,NA,2026-04-07T09:17:00Z,5
320,LM,2026-04-07T00:00:00Z,28,1899-12-31T09:17:00Z,0,0,0,2,0,0,0,0,0,0,NA,NA,2026-04-07T09:17:00Z,2
321,LM,2026-04-07T00:00:00Z,29,1899-12-31T09:20:00Z,0,0,0,6,7,0,0,0,0,0,NA,NA,2026-04-07T09:20:00Z,13
322,LM,2026-04-07T00:00:00Z,30,1899-12-31T09:24:00Z,0,0,0,4,3,0,0,0,0,0,NA,NA,2026-04-07T09:24:00Z,7
323,LM,2026-04-07T00:00:00Z,31,1899-12-31T09:24:00Z,0,0,0,7,4,0,0,0,0,0,NA,NA,2026-04-07T09:24:00Z,11
324,LM,2026-04-07T00:00:00Z,32,1899-12-31T09:25:00Z,0,0,0,0,3,0,0,0,0,0,NA,NA,2026-04-07T09:25:00Z,3
325,LM,2026-04-07T00:00:00Z,33,1899-12-31T09:25:00Z,0,0,0,3,2,0,0,0,0,0,NA,NA,2026-04-07T09:25:00Z,5
326,LM,2026-04-07T00:00:00Z,34,1899-12-31T09:26:00Z,0,0,0,5,17,0,0,0,0,0,NA,NA,2026-04-07T09:26:00Z,22
327,LM,2026-04-07T00:00:00Z,35,1899-12-31T09:26:00Z,0,0,0,4,9,2,0,0,0,0,NA,NA,2026-04-07T09:26:00Z,15
328,LM,2026-04-07T00:00:00Z,36,1899-12-31T09:30:00Z,0,0,0,0,3,3,0,0,0,0,NA,NA,2026-04-07T09:30:00Z,6
329,LM,2026-04-07T00:00:00Z,37,1899-12-31T09:31:00Z,0,0,0,0,0,3,0,0,0,0,NA,NA,2026-04-07T09:31:00Z,3
330,LM,2026-04-07T00:00:00Z,38,1899-12-31T09:34:00Z,0,0,0,0,9,0,0,0,0,0,NA,NA,2026-04-07T09:34:00Z,9
331,LM,2026-04-07T00:00:00Z,39,1899-12-31T09:34:00Z,0,0,0,0,2,0,0,0,0,0,NA,NA,2026-04-07T09:34:00Z,2
332,LM,2026-04-07T00:00:00Z,40,1899-12-31T09:34:00Z,0,0,0,0,3,3,0,0,0,0,NA,NA,2026-04-07T09:34:00Z,6
333,LM,2026-04-07T00:00:00Z,41,1899-12-31T09:35:00Z,0,0,0,0,4,2,0,0,0,0,NA,NA,2026-04-07T09:35:00Z,6
334,LM,2026-04-07T00:00:00Z,42,1899-12-31T09:35:00Z,0,0,0,10,0,4,0,0,0,0,NA,NA,2026-04-07T09:35:00Z,14
335,LM,2026-04-07T00:00:00Z,43,1899-12-31T09:41:00Z,0,0,0,7,3,3,0,0,0,0,NA,NA,2026-04-07T09:41:00Z,13
336,LM,2026-04-07T00:00:00Z,44,1899-12-31T09:42:00Z,0,0,0,5,0,0,0,0,0,0,NA,NA,2026-04-07T09:42:00Z,5
337,LM,2026-04-07T00:00:00Z,45,1899-12-31T09:43:00Z,0,0,0,2,0,3,0,0,0,0,NA,NA,2026-04-07T09:43:00Z,5
338,LM,2026-04-07T00:00:00Z,46,1899-12-31T09:45:00Z,0,0,0,3,0,2,0,0,0,0,NA,NA,2026-04-07T09:45:00Z,5
339,LM,2026-04-07T00:00:00Z,47,1899-12-31T09:46:00Z,0,0,0,0,3,7,0,0,0,0,NA,NA,2026-04-07T09:46:00Z,10
340,LM,2026-04-07T00:00:00Z,48,1899-12-31T09:47:00Z,0,0,0,4,5,0,0,0,0,0,NA,NA,2026-04-07T09:47:00Z,9
341,LM,2026-04-07T00:00:00Z,49,1899-12-31T09:49:00Z,0,0,0,10,4,1,0,0,0,0,NA,NA,2026-04-07T09:49:00Z,15
342,LM,2026-04-07T00:00:00Z,50,1899-12-31T09:49:00Z,0,0,0,1,0,2,0,0,0,0,NA,NA,2026-04-07T09:49:00Z,3
343,LM,2026-04-07T00:00:00Z,51,1899-12-31T09:51:00Z,0,0,0,9,2,1,0,0,0,0,NA,NA,2026-04-07T09:51:00Z,12
344,LM,2026-04-07T00:00:00Z,52,1899-12-31T09:54:00Z,0,0,0,14,0,2,0,0,0,3,NA,1 dead great egret,2026-04-07T09:54:00Z,19
345,LM,2026-04-07T00:00:00Z,53,1899-12-31T09:55:00Z,0,0,0,0,3,0,0,0,0,0,NA,NA,2026-04-07T09:55:00Z,3
346,LM,2026-04-07T00:00:00Z,54,1899-12-31T09:56:00Z,0,0,0,10,0,0,0,0,0,0,NA,NA,2026-04-07T09:56:00Z,10
347,LM,2026-04-07T00:00:00Z,55,1899-12-31T09:56:00Z,0,0,0,3,0,0,0,0,0,0,NA,NA,2026-04-07T09:56:00Z,3
348,LM,2026-04-07T00:00:00Z,56,1899-12-31T09:56:00Z,0,0,0,2,4,0,0,0,0,0,NA,NA,2026-04-07T09:56:00Z,6
349,LM,2026-04-07T00:00:00Z,57,1899-12-31T10:05:00Z,0,0,0,3,0,1,0,0,0,0,NA,NA,2026-04-07T10:05:00Z,4
350,LM,2026-04-07T00:00:00Z,58,1899-12-31T10:05:00Z,0,0,0,3,0,0,0,0,0,0,NA,NA,2026-04-07T10:05:00Z,3
351,LM,2026-04-07T00:00:00Z,59,1899-12-31T10:06:00Z,0,0,0,4,0,0,0,0,0,0,NA,NA,2026-04-07T10:06:00Z,4
352,LM,2026-04-07T00:00:00Z,60,1899-12-31T10:15:00Z,0,0,0,0,4,0,0,0,0,0,NA,NA,2026-04-07T10:15:00Z,4
353,LM,2026-04-07T00:00:00Z,61,1899-12-31T10:16:00Z,0,0,0,0,5,0,0,0,0,0,NA,NA,2026-04-07T10:16:00Z,5
354,LM,2026-04-07T00:00:00Z,62,1899-12-31T10:17:00Z,0,0,0,0,5,0,0,0,0,0,NA,NA,2026-04-07T10:17:00Z,5
355,LM,2026-04-07T00:00:00Z,63,1899-12-31T10:20:00Z,0,0,0,0,6,0,0,0,0,0,NA,NA,2026-04-07T10:20:00Z,6
356,LM,2026-04-07T00:00:00Z,64,1899-12-31T10:27:00Z,0,0,0,5,0,0,0,0,0,0,NA,NA,2026-04-07T10:27:00Z,5
357,LM,2026-04-07T00:00:00Z,65,1899-12-31T10:27:00Z,0,0,0,0,0,2,0,0,0,0,NA,NA,2026-04-07T10:27:00Z,2
358,LM,2026-04-07T00:00:00Z,66,1899-12-31T10:28:00Z,0,0,0,0,0,3,0,0,0,0,NA,NA,2026-04-07T10:28:00Z,3
359,LM,2026-04-07T00:00:00Z,67,1899-12-31T10:30:00Z,0,0,0,5,0,0,0,0,0,0,NA,NA,2026-04-07T10:30:00Z,5
360,LM,2026-04-07T00:00:00Z,68,1899-12-31T10:31:00Z,0,0,0,2,0,1,0,0,0,0,NA,NA,2026-04-07T10:31:00Z,3
361,LM,2026-04-07T00:00:00Z,69,1899-12-31T10:31:00Z,0,0,0,3,0,0,0,0,0,0,NA,NA,2026-04-07T10:31:00Z,3
362,LM,2026-04-07T00:00:00Z,70,1899-12-31T10:31:00Z,0,0,0,2,0,0,0,0,0,0,NA,NA,2026-04-07T10:31:00Z,2
363,LM,2026-04-07T00:00:00Z,71,1899-12-31T10:31:00Z,0,0,0,2,0,1,0,0,0,0,NA,NA,2026-04-07T10:31:00Z,3
364,LM,2026-04-07T00:00:00Z,72,1899-12-31T10:31:00Z,0,0,0,5,0,0,0,0,0,0,NA,NA,2026-04-07T10:31:00Z,5
365,LM,2026-04-07T00:00:00Z,73,1899-12-31T10:32:00Z,0,0,0,0,2,0,0,0,0,0,NA,NA,2026-04-07T10:32:00Z,2
366,LM,2026-04-07T00:00:00Z,74,1899-12-31T10:35:00Z,0,0,0,3,0,0,0,0,0,0,NA,NA,2026-04-07T10:35:00Z,3
367,LM,2026-04-07T00:00:00Z,75,1899-12-31T10:38:00Z,0,0,0,8,0,2,0,0,0,0,NA,NA,2026-04-07T10:38:00Z,10
368,LM,2026-04-07T00:00:00Z,76,1899-12-31T10:39:00Z,0,0,0,3,0,1,0,0,0,0,NA,NA,2026-04-07T10:39:00Z,4
369,LM,2026-04-07T00:00:00Z,77,1899-12-31T10:40:00Z,0,0,0,4,0,0,0,0,0,0,NA,NA,2026-04-07T10:40:00Z,4
370,LM,2026-04-07T00:00:00Z,78,1899-12-31T10:41:00Z,0,0,0,3,0,0,0,0,0,0,NA,NA,2026-04-07T10:41:00Z,3
371,LM,2026-04-07T00:00:00Z,79,1899-12-31T10:41:00Z,0,0,0,0,8,0,0,0,0,0,NA,NA,2026-04-07T10:41:00Z,8
372,LM,2026-04-07T00:00:00Z,80,1899-12-31T10:42:00Z,0,0,0,3,0,0,0,0,0,0,NA,NA,2026-04-07T10:42:00Z,3
373,LM,2026-04-07T00:00:00Z,81,1899-12-31T10:45:00Z,0,0,0,5,0,0,0,0,0,0,NA,NA,2026-04-07T10:45:00Z,5
374,LM,2026-04-07T00:00:00Z,82,1899-12-31T10:45:00Z,0,0,0,5,0,0,0,0,0,0,NA,NA,2026-04-07T10:45:00Z,5
375,LM,2026-04-07T00:00:00Z,83,1899-12-31T10:47:00Z,0,0,0,0,0,0,0,0,1,0,NA,NA,2026-04-07T10:47:00Z,1
376,LM,2026-04-07T00:00:00Z,84,1899-12-31T10:47:00Z,0,0,0,6,0,0,0,0,0,0,NA,NA,2026-04-07T10:47:00Z,6
377,LM,2026-04-07T00:00:00Z,85,1899-12-31T10:47:00Z,0,0,0,1,0,0,0,0,0,0,NA,NA,2026-04-07T10:47:00Z,1
378,LM,2026-04-07T00:00:00Z,86,1899-12-31T10:48:00Z,3,0,0,0,0,0,0,0,0,0,NA,NA,2026-04-07T10:48:00Z,3
379,LM,2026-04-07T00:00:00Z,87,1899-12-31T10:48:00Z,1,0,0,1,0,0,0,0,0,0,NA,NA,2026-04-07T10:48:00Z,2
380,LM,2026-04-07T00:00:00Z,88,1899-12-31T10:49:00Z,0,0,0,4,0,2,0,0,0,0,NA,NA,2026-04-07T10:49:00Z,6
381,LM,2026-04-07T00:00:00Z,89,1899-12-31T10:49:00Z,0,0,0,3,0,0,0,0,1,0,NA,NA,2026-04-07T10:49:00Z,4
382,LM,2026-04-07T00:00:00Z,90,1899-12-31T10:50:00Z,0,0,0,3,0,0,0,0,0,0,NA,NA,2026-04-07T10:50:00Z,3
383,LM,2026-04-07T00:00:00Z,91,1899-12-31T10:50:00Z,0,0,0,8,0,0,0,0,0,0,NA,NA,2026-04-07T10:50:00Z,8
384,LM,2026-04-07T00:00:00Z,92,1899-12-31T10:50:00Z,0,0,0,3,0,0,0,0,0,0,NA,NA,2026-04-07T10:50:00Z,3
385,LM,2026-04-07T00:00:00Z,93,1899-12-31T10:53:00Z,0,0,0,2,0,0,0,0,1,0,NA,NA,2026-04-07T10:53:00Z,3
386,LM,2026-04-07T00:00:00Z,94,1899-12-31T10:54:00Z,0,0,0,5,0,1,0,0,0,0,NA,NA,2026-04-07T10:54:00Z,6
387,LM,2026-04-07T00:00:00Z,95,1899-12-31T10:55:00Z,0,0,0,2,0,0,0,0,1,0,NA,NA,2026-04-07T10:55:00Z,3
388,LM,2026-04-07T00:00:00Z,96,1899-12-31T10:55:00Z,0,0,0,2,0,0,0,0,0,0,NA,NA,2026-04-07T10:55:00Z,2
389,LM,2026-04-07T00:00:00Z,97,1899-12-31T10:56:00Z,0,0,0,2,0,0,0,0,0,0,NA,NA,2026-04-07T10:56:00Z,2
390,LM,2026-04-07T00:00:00Z,98,1899-12-31T11:01:00Z,0,0,0,10,0,0,0,0,0,0,NA,NA,2026-04-07T11:01:00Z,10
391,LM,2026-04-07T00:00:00Z,99,1899-12-31T11:02:00Z,0,0,0,6,0,1,0,0,0,0,NA,NA,2026-04-07T11:02:00Z,7
392,LM,2026-04-07T00:00:00Z,100,1899-12-31T11:04:00Z,0,0,0,0,6,0,0,0,0,0,NA,NA,2026-04-07T11:04:00Z,6
393,LM,2026-04-07T00:00:00Z,101,1899-12-31T11:05:00Z,0,0,0,1,3,0,0,0,0,0,NA,NA,2026-04-07T11:05:00Z,4
394,LM,2026-04-07T00:00:00Z,102,1899-12-31T11:06:00Z,0,0,0,5,4,0,0,0,0,0,NA,NA,2026-04-07T11:06:00Z,9
395,LM,2026-04-07T00:00:00Z,103,1899-12-31T11:06:00Z,1,0,0,0,0,1,0,0,0,0,NA,NA,2026-04-07T11:06:00Z,2
396,LM,2026-04-07T00:00:00Z,104,1899-12-31T11:11:00Z,0,0,0,3,0,0,0,1,0,0,NA,NA,2026-04-07T11:11:00Z,4
397,LM,2026-04-07T00:00:00Z,105,1899-12-31T11:12:00Z,0,0,0,10,0,0,0,0,1,0,NA,NA,2026-04-07T11:12:00Z,11
398,LM,2026-04-07T00:00:00Z,106,1899-12-31T11:13:00Z,0,0,0,5,0,0,0,0,1,0,NA,NA,2026-04-07T11:13:00Z,6
399,LM,2026-04-07T00:00:00Z,107,1899-12-31T12:18:00Z,0,0,0,7,0,2,0,0,0,0,NA,NA,2026-04-07T12:18:00Z,9
400,LM,2026-04-07T00:00:00Z,108,1899-12-31T12:18:00Z,0,0,0,2,0,1,0,0,0,0,NA,NA,2026-04-07T12:18:00Z,3
401,LM,2026-04-07T00:00:00Z,109,1899-12-31T12:19:00Z,0,0,0,10,0,1,0,0,0,0,NA,NA,2026-04-07T12:19:00Z,11
402,LM,2026-04-07T00:00:00Z,110,1899-12-31T12:19:00Z,0,0,0,2,0,0,0,0,0,0,NA,NA,2026-04-07T12:19:00Z,2
403,LM,2026-04-07T00:00:00Z,111,1899-12-31T12:19:00Z,0,0,0,0,0,1,0,0,0,0,NA,NA,2026-04-07T12:19:00Z,1
404,LM,2026-04-07T00:00:00Z,112,1899-12-31T12:19:00Z,0,0,0,2,0,0,0,0,0,0,NA,NA,2026-04-07T12:19:00Z,2
405,LM,2026-04-07T00:00:00Z,113,1899-12-31T12:20:00Z,0,0,0,5,0,1,0,0,0,0,NA,NA,2026-04-07T12:20:00Z,6
406,LM,2026-04-07T00:00:00Z,114,1899-12-31T12:20:00Z,0,0,0,4,0,0,0,0,0,0,NA,NA,2026-04-07T12:20:00Z,4
407,LM,2026-04-07T00:00:00Z,115,1899-12-31T12:21:00Z,0,0,0,4,0,2,0,0,0,0,NA,NA,2026-04-07T12:21:00Z,6
408,LM,2026-04-07T00:00:00Z,116,1899-12-31T12:21:00Z,0,0,0,4,0,3,0,0,0,0,NA,NA,2026-04-07T12:21:00Z,7
409,LM,2026-04-07T00:00:00Z,117,1899-12-31T12:22:00Z,0,0,0,1,0,0,0,0,0,0,NA,NA,2026-04-07T12:22:00Z,1
410,LM,2026-04-07T00:00:00Z,118,1899-12-31T12:22:00Z,0,0,0,3,0,0,0,0,0,0,NA,NA,2026-04-07T12:22:00Z,3
411,LM,2026-04-07T00:00:00Z,119,1899-12-31T12:33:00Z,0,0,0,0,7,0,0,0,0,0,NA,NA,2026-04-07T12:33:00Z,7
412,LM,2026-04-07T00:00:00Z,120,1899-12-31T12:34:00Z,0,0,0,0,3,0,0,0,0,0,NA,NA,2026-04-07T12:34:00Z,3
413,LM,2026-04-07T00:00:00Z,121,1899-12-31T12:34:00Z,0,0,0,6,0,0,0,0,0,0,NA,NA,2026-04-07T12:34:00Z,6
414,LM,2026-04-07T00:00:00Z,122,1899-12-31T12:36:00Z,0,0,0,4,0,1,0,0,0,0,NA,NA,2026-04-07T12:36:00Z,5
415,LM,2026-04-07T00:00:00Z,123,1899-12-31T12:37:00Z,0,0,0,3,0,0,0,0,0,0,NA,NA,2026-04-07T12:37:00Z,3
416,LM,2026-04-07T00:00:00Z,124,1899-12-31T12:36:00Z,0,0,0,5,0,2,0,0,0,0,NA,NA,2026-04-07T12:36:00Z,7
417,LM,2026-04-07T00:00:00Z,125,1899-12-31T12:37:00Z,0,0,0,5,0,0,0,0,0,0,NA,NA,2026-04-07T12:37:00Z,5
418,LM,2026-04-07T00:00:00Z,126,1899-12-31T12:39:00Z,0,0,0,5,0,0,0,0,0,0,NA,NA,2026-04-07T12:39:00Z,5
419,LM,2026-04-07T00:00:00Z,127,1899-12-31T12:39:00Z,0,0,0,1,0,2,0,0,0,0,NA,NA,2026-04-07T12:39:00Z,3
420,LM,2026-04-07T00:00:00Z,128,1899-12-31T12:40:00Z,0,0,0,2,0,0,0,0,0,0,NA,NA,2026-04-07T12:40:00Z,2
421,LM,2026-04-07T00:00:00Z,129,1899-12-31T12:40:00Z,0,0,0,3,0,2,0,0,0,0,NA,NA,2026-04-07T12:40:00Z,5
422,LM,2026-04-07T00:00:00Z,130,1899-12-31T12:43:00Z,0,0,0,5,19,0,0,0,0,0,NA,NA,2026-04-07T12:43:00Z,24
423,LM,2026-04-07T00:00:00Z,131,1899-12-31T12:43:00Z,0,0,0,3,25,0,0,0,0,0,NA,NA,2026-04-07T12:43:00Z,28
424,LM,2026-04-07T00:00:00Z,132,1899-12-31T12:45:00Z,2,0,0,0,7,0,0,0,0,0,NA,NA,2026-04-07T12:45:00Z,9
425,LM,2026-04-07T00:00:00Z,133,1899-12-31T12:46:00Z,5,0,0,0,7,0,0,0,0,0,NA,NA,2026-04-07T12:46:00Z,12
426,LM,2026-04-07T00:00:00Z,134,1899-12-31T12:47:00Z,1,0,0,0,0,0,0,0,0,0,NA,NA,2026-04-07T12:47:00Z,1
427,LM,2026-04-07T00:00:00Z,135,1899-12-31T12:47:00Z,3,0,0,0,12,0,0,0,0,0,NA,NA,2026-04-07T12:47:00Z,15
428,LM,2026-04-07T00:00:00Z,136,1899-12-31T12:47:00Z,0,0,0,0,0,2,0,0,0,0,NA,NA,2026-04-07T12:47:00Z,2
429,LM,2026-04-07T00:00:00Z,137,1899-12-31T12:47:00Z,0,0,0,5,0,0,0,0,0,0,NA,NA,2026-04-07T12:47:00Z,5
430,LM,2026-04-07T00:00:00Z,138,1899-12-31T12:48:00Z,0,0,0,1,0,2,0,0,0,0,NA,NA,2026-04-07T12:48:00Z,3
431,LM,2026-04-07T00:00:00Z,139,1899-12-31T12:48:00Z,0,0,0,0,0,1,0,0,0,0,NA,NA,2026-04-07T12:48:00Z,1
432,LM,2026-04-07T00:00:00Z,140,1899-12-31T12:48:00Z,0,0,0,3,0,2,0,0,0,0,NA,NA,2026-04-07T12:48:00Z,5
433,LM,2026-04-07T00:00:00Z,141,1899-12-31T12:48:00Z,0,0,0,6,0,0,0,0,0,0,NA,NA,2026-04-07T12:48:00Z,6
434,LM,2026-04-07T00:00:00Z,142,1899-12-31T12:50:00Z,3,0,0,0,4,0,0,0,0,0,NA,NA,2026-04-07T12:50:00Z,7
435,LM,2026-04-07T00:00:00Z,143,1899-12-31T12:50:00Z,3,0,0,0,4,0,0,0,0,0,NA,NA,2026-04-07T12:50:00Z,7
