No.,File,Date,WaterDepth (m)
1,1984-06-01_waterdepth.tif,01/06/1984,2.581268072
2,1986-05-06_waterdepth.tif,06/05/1986,3.133369684
3,1986-11-30_waterdepth.tif,30/11/1986,2.502009869
4,1986-12-16_waterdepth.tif,16/12/1986,2.606462002
5,1989-01-06_waterdepth.tif,06/01/1989,2.79173851
6,1989-03-11_waterdepth.tif,11/03/1989,9.911599159
7,1989-06-15_waterdepth.tif,15/06/1989,3.125609159
8,1989-09-19_waterdepth.tif,19/09/1989,2.582595587
9,1989-12-08_waterdepth.tif,08/12/1989,2.866983891
10,1990-03-14_waterdepth.tif,14/03/1990,6.076401711
11,1990-10-24_waterdepth.tif,24/10/1990,2.732474327
12,1991-03-01_waterdepth.tif,01/03/1991,2.512340784
13,1991-05-20_waterdepth.tif,20/05/1991,2.663542509
14,1991-07-23_waterdepth.tif,23/07/1991,2.579179764
15,1993-07-28_waterdepth.tif,28/07/1993,2.500223637
16,1993-11-01_waterdepth.tif,01/11/1993,2.498200893
17,1994-02-05_waterdepth.tif,05/02/1994,2.496646404
18,1994-05-12_waterdepth.tif,12/05/1994,2.507290363
19,1994-07-15_waterdepth.tif,15/07/1994,2.497268915
20,1994-08-16_waterdepth.tif,16/08/1994,2.493467808
21,1994-09-01_waterdepth.tif,01/09/1994,2.497232914
22,1994-11-20_waterdepth.tif,20/11/1994,2.501405001
23,1994-12-06_waterdepth.tif,06/12/1994,2.495956182
24,1995-01-23_waterdepth.tif,23/01/1995,2.492277622
25,1995-02-08_waterdepth.tif,08/02/1995,2.493864536
26,1995-06-16_waterdepth.tif,16/06/1995,2.492721319
27,1995-07-18_waterdepth.tif,18/07/1995,2.490815639
28,1995-08-19_waterdepth.tif,19/08/1995,2.487290382
29,1995-09-04_waterdepth.tif,04/09/1995,2.489165068
30,1995-10-06_waterdepth.tif,06/10/1995,2.492788792
31,1996-06-02_waterdepth.tif,02/06/1996,2.515150785
32,1996-07-20_waterdepth.tif,20/07/1996,3.404994726
33,1996-09-22_waterdepth.tif,22/09/1996,3.131706953
34,1996-11-25_waterdepth.tif,25/11/1996,2.83805275
35,1997-03-17_waterdepth.tif,17/03/1997,6.934227467
36,1997-06-21_waterdepth.tif,21/06/1997,3.650809288
37,1997-08-24_waterdepth.tif,24/08/1997,2.827106237
38,1998-04-05_waterdepth.tif,05/04/1998,4.698481083
39,1998-06-08_waterdepth.tif,08/06/1998,2.924626827
40,1998-07-10_waterdepth.tif,10/07/1998,2.649055719
41,1998-11-15_waterdepth.tif,15/11/1998,2.411154509
42,1999-05-26_waterdepth.tif,26/05/1999,4.918588161
43,1999-06-11_waterdepth.tif,11/06/1999,2.55356431
44,1999-08-30_waterdepth.tif,30/08/1999,2.552184582
45,1999-11-26_waterdepth.tif,26/11/1999,2.489738226
46,2000-04-18_waterdepth.tif,18/04/2000,3.257582903
47,2000-09-01_waterdepth.tif,01/09/2000,2.486992836
48,2000-10-19_waterdepth.tif,19/10/2000,2.491971731
49,2000-12-30_waterdepth.tif,30/12/2000,2.548824549
50,2001-05-07_waterdepth.tif,07/05/2001,2.527816534
51,2001-07-10_waterdepth.tif,10/07/2001,2.557806492
52,2001-08-11_waterdepth.tif,11/08/2001,2.565421343
53,2001-10-30_waterdepth.tif,30/10/2001,2.488590956
54,2002-01-18_waterdepth.tif,18/01/2002,2.489563227
55,2002-03-07_waterdepth.tif,07/03/2002,2.494229555
56,2002-05-26_waterdepth.tif,26/05/2002,2.489168644
57,2002-07-29_waterdepth.tif,29/07/2002,2.488161325
58,2002-10-17_waterdepth.tif,17/10/2002,2.490714312
59,2003-01-21_waterdepth.tif,21/01/2003,2.494138241
60,2003-02-06_waterdepth.tif,06/02/2003,2.49426198
61,2003-05-13_waterdepth.tif,13/05/2003,2.494420528
62,2004-05-23_waterdepth.tif,23/05/2004,2.489832878
63,2004-07-10_waterdepth.tif,10/07/2004,2.492691278
64,2005-02-19_waterdepth.tif,19/02/2005,2.490502834
65,2005-03-07_waterdepth.tif,07/03/2005,2.493999958
66,2005-04-24_waterdepth.tif,24/04/2005,2.494678259
67,2005-08-14_waterdepth.tif,14/08/2005,2.498148441
68,2005-10-01_waterdepth.tif,01/10/2005,2.494718313
69,2006-04-27_waterdepth.tif,27/04/2006,2.491887331
70,2006-06-30_waterdepth.tif,30/06/2006,2.494735956
71,2006-08-01_waterdepth.tif,01/08/2006,2.495337963
72,2007-02-09_waterdepth.tif,09/02/2007,2.53405571
73,2007-04-30_waterdepth.tif,30/04/2007,2.488553524
74,2007-05-16_waterdepth.tif,16/05/2007,2.49401474
75,2007-07-19_waterdepth.tif,19/07/2007,2.488126993
76,2007-08-20_waterdepth.tif,20/08/2007,2.49277544
77,2007-09-21_waterdepth.tif,21/09/2007,2.49415493
78,2008-02-12_waterdepth.tif,12/02/2008,5.63683939
79,2008-08-06_waterdepth.tif,06/08/2008,2.497645617
80,2008-10-09_waterdepth.tif,09/10/2008,2.494736671
81,2009-11-13_waterdepth.tif,13/11/2009,2.34365797
82,2010-01-16_waterdepth.tif,16/01/2010,1.9144485
83,2010-03-21_waterdepth.tif,21/03/2010,1.724727035
84,2011-02-20_waterdepth.tif,20/02/2011,1.931677103
85,2013-05-16_waterdepth.tif,16/05/2013,2.727020502
86,2013-06-17_waterdepth.tif,17/06/2013,2.493084431
87,2013-07-03_waterdepth.tif,03/07/2013,2.49224925
88,2013-12-26_waterdepth.tif,26/12/2013,2.155544519
89,2014-01-11_waterdepth.tif,11/01/2014,2.428957462
90,2014-02-28_waterdepth.tif,28/02/2014,4.790380478
91,2014-03-16_waterdepth.tif,16/03/2014,4.44770813
92,2014-04-01_waterdepth.tif,01/04/2014,3.972027302
93,2014-05-03_waterdepth.tif,03/05/2014,3.121481895
94,2014-07-22_waterdepth.tif,22/07/2014,2.485318422
95,2014-09-08_waterdepth.tif,08/09/2014,2.149494171
96,2014-10-10_waterdepth.tif,10/10/2014,2.340089083
97,2015-01-14_waterdepth.tif,14/01/2015,2.825406551
98,2015-03-19_waterdepth.tif,19/03/2015,3.080790281
99,2015-04-04_waterdepth.tif,04/04/2015,2.887957573
100,2015-05-06_waterdepth.tif,06/05/2015,2.676522732
101,2015-06-23_waterdepth.tif,23/06/2015,2.371725798
102,2015-07-09_waterdepth.tif,09/07/2015,2.376511097
103,2015-08-10_waterdepth.tif,10/08/2015,2.332950354
104,2015-09-11_waterdepth.tif,11/09/2015,0.984679341
105,2015-10-13_waterdepth.tif,13/10/2015,1.010425806
106,2015-11-14_waterdepth.tif,14/11/2015,0.683487356
107,2016-02-02_waterdepth.tif,02/02/2016,2.424012661
108,2016-05-24_waterdepth.tif,24/05/2016,2.477511168
109,2016-06-25_waterdepth.tif,25/06/2016,2.507661819
110,2016-07-27_waterdepth.tif,27/07/2016,2.432191849
111,2016-09-13_waterdepth.tif,13/09/2016,2.184760809
112,2016-10-31_waterdepth.tif,31/10/2016,1.747828007
113,2016-12-02_waterdepth.tif,02/12/2016,0.984888196
116,waterdepth_2017-01-26.tif,26/01/2017,3.632682323
117,waterdepth_2017-02-18.tif,18/02/2017,3.768908501
118,waterdepth_2017-03-27.tif,27/03/2017,3.986425161
119,waterdepth_2017-04-19.tif,19/04/2017,3.589612007
120,waterdepth_2017-05-19.tif,19/05/2017,3.126255989
121,waterdepth_2017-06-05.tif,05/06/2017,2.950896263
122,waterdepth_2017-07-15.tif,15/07/2017,2.728480816
123,waterdepth_2017-08-17.tif,17/08/2017,2.511817932
124,waterdepth_2017-09-08.tif,08/09/2017,2.33365798
125,waterdepth_2017-10-08.tif,08/10/2017,2.237142801
126,waterdepth_2017-11-22.tif,22/11/2017,2.124962807
127,waterdepth_2017-12-02.tif,02/12/2017,2.107660055
128,waterdepth_2018-01-06.tif,06/01/2018,2.729729891
129,waterdepth_2018-02-25.tif,25/02/2018,4.899772644
130,waterdepth_2018-03-20.tif,20/03/2018,4.798244953
131,waterdepth_2018-04-21.tif,21/04/2018,4.965328693
132,waterdepth_2018-05-09.tif,09/05/2018,3.622914791
133,waterdepth_2018-06-08.tif,08/06/2018,2.880930185
134,waterdepth_2018-07-03.tif,03/07/2018,2.609706402
135,waterdepth_2018-08-02.tif,02/08/2018,2.424444437
136,waterdepth_2018-09-08.tif,08/09/2018,2.38844347
137,waterdepth_2018-10-03.tif,03/10/2018,2.387729645
138,waterdepth_2018-11-05.tif,05/11/2018,1.867075443
139,waterdepth_2018-12-02.tif,02/12/2018,2.894256115
140,waterdepth_2019-01-31.tif,31/01/2019,4.268373013
141,waterdepth_2019-02-25.tif,25/02/2019,3.675588846
142,waterdepth_2019-03-25.tif,25/03/2019,10.5169487
143,waterdepth_2019-04-26.tif,26/04/2019,5.45591116
144,waterdepth_2019-05-31.tif,31/05/2019,3.780444622
145,waterdepth_2019-06-13.tif,13/06/2019,3.296797514
146,waterdepth_2019-07-05.tif,05/07/2019,2.807494164
147,waterdepth_2019-08-07.tif,07/08/2019,2.494945526
148,waterdepth_2019-09-28.tif,28/09/2019,2.492003679
149,waterdepth_2019-10-08.tif,08/10/2019,2.494848013
150,waterdepth_2019-11-07.tif,07/11/2019,2.461078167
151,waterdepth_2019-12-07.tif,07/12/2019,2.480945587
152,waterdepth_2020-01-26.tif,26/01/2020,3.782960892
153,waterdepth_2020-02-15.tif,15/02/2020,7.758387089
154,waterdepth_2020-03-26.tif,26/03/2020,5.652200222
155,waterdepth_2020-04-30.tif,30/04/2020,3.2299366
156,waterdepth_2020-05-13.tif,13/05/2020,2.924811125
157,waterdepth_2020-06-22.tif,22/06/2020,2.510862827
158,waterdepth_2020-07-12.tif,12/07/2020,2.496431351
159,waterdepth_2020-08-16.tif,16/08/2020,2.498268127
160,waterdepth_2020-09-10.tif,10/09/2020,2.497617483
161,waterdepth_2020-10-30.tif,30/10/2020,2.494921446
162,waterdepth_2020-11-16.tif,16/11/2020,2.478925228
163,waterdepth_2020-12-11.tif,11/12/2020,2.666231632
164,waterdepth_2021-01-05.tif,05/01/2021,4.022161007
165,waterdepth_2021-02-22.tif,22/02/2021,7.759154797
166,waterdepth_2021-03-09.tif,09/03/2021,6.04096365
167,waterdepth_2021-04-03.tif,03/04/2021,4.662590027
168,waterdepth_2021-05-25.tif,25/05/2021,2.758084774
169,waterdepth_2021-06-29.tif,29/06/2021,2.520965815
170,waterdepth_2021-07-02.tif,02/07/2021,2.516669989
171,waterdepth_2021-08-13.tif,13/08/2021,2.507955313
172,waterdepth_2021-09-15.tif,15/09/2021,2.502230406
173,waterdepth_2021-10-02.tif,02/10/2021,2.494400501
174,waterdepth_2021-11-16.tif,16/11/2021,2.495456219
175,waterdepth_2021-12-06.tif,06/12/2021,2.495745659
176,waterdepth_2022-01-05.tif,05/01/2022,2.493835449
177,waterdepth_2022-02-09.tif,09/02/2022,4.490674973
178,waterdepth_2022-03-24.tif,24/03/2022,4.712382317
179,waterdepth_2022-04-30.tif,30/04/2022,3.810886383
180,waterdepth_2022-05-08.tif,08/05/2022,3.506643057
181,waterdepth_2022-06-14.tif,14/06/2022,2.915943146
182,waterdepth_2022-07-24.tif,24/07/2022,2.743579865
183,waterdepth_2022-08-18.tif,18/08/2022,2.580631018
184,waterdepth_2022-09-05.tif,05/09/2022,2.523943424
185,waterdepth_2022-10-02.tif,02/10/2022,2.499286413
186,waterdepth_2022-11-16.tif,16/11/2022,2.49589777
187,waterdepth_2022-12-26.tif,26/12/2022,2.822410822
188,waterdepth_2023-01-05.tif,05/01/2023,2.903292179
189,waterdepth_2023-02-09.tif,09/02/2023,2.807927847
190,waterdepth_2023-03-19.tif,19/03/2023,7.497014999
191,waterdepth_2023-04-08.tif,08/04/2023,5.413692474
192,waterdepth_2023-05-15.tif,15/05/2023,3.715163946
193,waterdepth_2023-06-02.tif,02/06/2023,3.11920166
194,waterdepth_2023-07-09.tif,09/07/2023,2.569357157
195,waterdepth_2023-08-13.tif,13/08/2023,2.498404503
196,waterdepth_2023-09-02.tif,02/09/2023,2.498631477
197,waterdepth_2023-10-07.tif,07/10/2023,2.496309519
198,waterdepth_2023-11-21.tif,21/11/2023,2.4957304
199,waterdepth_2023-12-16.tif,16/12/2023,2.495505333
